source_file,model,algorithm,preprocessing,n,roc_auc,pr_auc,brier
logistic_regression_v1_results.csv,Model A,,P1,904,0.6315877000150709,0.4804394149923118,0.25204081013175267
logistic_regression_v1_results.csv,Model A,,P2,922,0.632483621975741,0.48377998439701675,0.25133240500201076
logistic_regression_v1_results.csv,Model B,,P1,904,0.49891904813873605,0.3733874054824753,0.2528263080183911
logistic_regression_v1_results.csv,Model B,,P2,922,0.4958437489085475,0.3732516290076118,0.2532794927138404
random_forest_v1_results.csv,Model A,,P1,904,0.6219656693846369,0.4768662378123417,0.22924077876106194
random_forest_v1_results.csv,Model A,,P2,922,0.6250592502781646,0.48381767780640783,0.22849436876355747
random_forest_v1_results.csv,Model B,,P1,904,0.48784448844472855,0.38290194131045374,0.26482597828171095
random_forest_v1_results.csv,Model B,,P2,922,0.4847046966136283,0.381655834378933,0.2660801794311883
model_c_continuity_results.csv,Model A,Logistic Regression,P1,904,0.6315877000150709,0.4804394149923118,0.2520408101317526
model_c_continuity_results.csv,Model A,Logistic Regression,P2,922,0.632483621975741,0.4837799843970167,0.2513324050020107
model_c_continuity_results.csv,Model A,Random Forest,P1,904,0.6219656693846369,0.4768662378123417,0.2292407787610619
model_c_continuity_results.csv,Model A,Random Forest,P2,922,0.6250592502781646,0.4838176778064078,0.2284943687635574
model_c_continuity_results.csv,Model C,Logistic Regression,P1,850,0.6279013752709712,0.5050055201484085,0.2505685769365354
model_c_continuity_results.csv,Model C,Random Forest,P1,850,0.6268879867936388,0.49507216041698954,0.22601148235294116
model_c_continuity_results.csv,Model C,Logistic Regression,P2,922,0.6337958597152993,0.5075234585986048,0.24770086199604177
model_c_continuity_results.csv,Model C,Random Forest,P2,922,0.6303256644762774,0.50370330642981,0.2256263080260304
final_xgboost_results.csv,Final XGBoost Model C,XGBoost,P1,850,0.633682095628624,0.48421215308251486,0.24333775293239385
final_xgboost_results.csv,Final XGBoost Model C,XGBoost,P2,922,0.6332769520160063,0.514269185085138,0.24182654416464716
logistic_regression_tuned_v1_results.csv,Tuned Model A Logistic,,P1,904,0.6250084449364162,0.47182181311085647,0.2473253681054043
logistic_regression_tuned_v1_results.csv,Tuned Model A Logistic,,P2,922,0.6268454902430384,0.4782574618821182,0.24685176883437637
random_forest_tuned_v1_results.csv,Tuned RF Model A,,P1,904,0.6354230003689787,0.47999449683686984,0.22648496130842785
random_forest_tuned_v1_results.csv,Tuned RF Model A,,P2,922,0.6452916610534825,0.49822513605351304,0.22630235111897096
